,Team,RS,RA,OBP,SLG,BA,Playoffs
1,ARI,734,688,0.328,0.418,0.259,0
2,ATL,700,600,0.32,0.389,0.247,1
5,CHC,613,759,0.302,0.378,0.24,0
6,CHW,748,676,0.318,0.422,0.255,0
7,CIN,669,588,0.315,0.411,0.251,1
8,CLE,667,845,0.324,0.381,0.251,0
9,COL,758,890,0.33,0.436,0.274,0
10,DET,726,670,0.335,0.422,0.268,1
12,KCR,676,746,0.317,0.4,0.265,0
13,LAA,767,699,0.332,0.433,0.274,0
14,LAD,637,597,0.317,0.374,0.252,0
15,MIA,609,724,0.308,0.382,0.244,0
17,MIN,701,832,0.325,0.39,0.26,0
19,NYY,804,668,0.337,0.453,0.265,1
20,OAK,713,614,0.31,0.404,0.238,1
22,PIT,651,674,0.304,0.395,0.243,0
23,SDP,651,710,0.319,0.38,0.247,0
24,SEA,619,651,0.296,0.369,0.234,0
26,STL,765,648,0.338,0.421,0.271,1
27,TBR,697,577,0.317,0.394,0.24,0
28,TEX,808,707,0.334,0.446,0.273,1
29,TOR,716,784,0.309,0.407,0.245,0
31,ARI,731,662,0.322,0.413,0.25,1
32,ATL,641,605,0.308,0.387,0.243,0
34,BOS,875,737,0.349,0.461,0.28,0
35,CHC,654,756,0.314,0.401,0.256,0
36,CHW,654,706,0.319,0.388,0.252,0
37,CIN,735,720,0.326,0.408,0.256,0
38,CLE,704,760,0.317,0.396,0.25,0
40,DET,787,711,0.34,0.434,0.277,1
41,FLA,625,702,0.318,0.388,0.247,0
42,HOU,615,796,0.311,0.374,0.258,0
43,KCR,730,762,0.329,0.415,0.275,0
44,LAA,667,633,0.313,0.402,0.253,0
45,LAD,644,612,0.322,0.375,0.257,0
48,NYM,718,742,0.335,0.391,0.264,0
51,PHI,713,529,0.323,0.395,0.253,1
52,PIT,610,712,0.309,0.368,0.244,0
54,SEA,556,675,0.292,0.348,0.233,0
55,SFG,570,578,0.303,0.368,0.242,0
56,STL,762,692,0.341,0.425,0.273,1
57,TBR,707,614,0.322,0.402,0.244,1
60,WSN,624,643,0.309,0.383,0.242,0
61,ARI,713,836,0.325,0.416,0.25,0
62,ATL,738,629,0.339,0.401,0.258,1
63,BAL,613,785,0.316,0.386,0.259,0
67,CIN,790,685,0.338,0.436,0.272,1
68,CLE,646,752,0.322,0.378,0.248,0
69,COL,770,717,0.336,0.425,0.263,0
70,DET,751,743,0.335,0.415,0.268,0
72,HOU,611,729,0.303,0.362,0.247,0
73,KCR,676,845,0.331,0.399,0.274,0
74,LAA,681,702,0.311,0.39,0.248,0
75,LAD,667,692,0.322,0.379,0.252,0
76,MIL,750,804,0.335,0.424,0.262,0
77,MIN,781,671,0.341,0.422,0.273,1
79,NYY,859,693,0.35,0.436,0.267,1
80,OAK,663,626,0.324,0.378,0.256,0
81,PHI,772,640,0.332,0.413,0.26,1
83,SDP,665,581,0.317,0.371,0.246,0
84,SEA,513,698,0.298,0.339,0.236,0
85,SFG,697,583,0.321,0.408,0.257,1
86,STL,736,641,0.332,0.402,0.263,0
87,TBR,802,649,0.333,0.403,0.247,1
88,TEX,787,687,0.338,0.419,0.276,1
91,ARI,720,782,0.324,0.418,0.253,0
93,BAL,741,876,0.332,0.415,0.268,0
94,BOS,872,736,0.352,0.454,0.27,1
96,CHW,724,732,0.329,0.411,0.258,0
98,CLE,773,865,0.339,0.417,0.264,0
99,COL,804,715,0.343,0.441,0.261,1
101,FLA,772,766,0.34,0.416,0.268,0
102,HOU,643,770,0.319,0.4,0.26,0
104,LAA,883,761,0.35,0.441,0.285,1
106,MIL,785,818,0.341,0.426,0.263,0
107,MIN,817,765,0.345,0.429,0.274,1
108,NYM,671,757,0.335,0.394,0.27,0
110,OAK,759,761,0.328,0.397,0.262,0
111,PHI,820,709,0.334,0.447,0.258,1
112,PIT,636,768,0.318,0.387,0.252,0
113,SDP,638,769,0.321,0.381,0.242,0
114,SEA,640,692,0.314,0.402,0.258,0
115,SFG,657,611,0.309,0.389,0.257,0
116,STL,730,640,0.332,0.415,0.263,1
118,TEX,784,740,0.32,0.445,0.26,0
119,TOR,798,771,0.333,0.44,0.266,0
120,WSN,710,874,0.337,0.406,0.258,0
121,ARI,720,706,0.327,0.415,0.251,0
122,ATL,753,778,0.345,0.408,0.27,0
123,BAL,782,869,0.333,0.429,0.267,0
124,BOS,845,694,0.358,0.447,0.28,1
127,CIN,704,800,0.321,0.408,0.247,0
130,DET,821,857,0.34,0.444,0.271,0
131,FLA,770,767,0.326,0.433,0.254,0
132,HOU,712,743,0.323,0.415,0.263,0
133,KCR,691,781,0.32,0.397,0.269,0
135,LAD,700,648,0.333,0.399,0.264,1
136,MIL,750,689,0.325,0.431,0.253,1
137,MIN,829,745,0.34,0.408,0.279,0
139,NYY,789,727,0.342,0.427,0.271,0
140,OAK,646,690,0.318,0.369,0.242,0
141,PHI,799,680,0.332,0.438,0.255,1
142,PIT,735,884,0.32,0.403,0.258,0
143,SDP,637,764,0.317,0.39,0.25,0
144,SEA,671,811,0.318,0.389,0.265,0
146,STL,779,725,0.35,0.433,0.281,0
147,TBR,774,671,0.34,0.422,0.26,1
149,TOR,714,610,0.331,0.399,0.264,0
150,WSN,641,825,0.323,0.373,0.251,0
151,ARI,712,732,0.321,0.413,0.25,1
152,ATL,810,733,0.339,0.435,0.275,0
153,BAL,756,868,0.333,0.412,0.272,0
154,BOS,867,657,0.362,0.444,0.279,1
158,CLE,811,704,0.343,0.428,0.268,1
160,DET,887,797,0.345,0.458,0.287,0
161,FLA,790,891,0.336,0.448,0.267,0
162,HOU,723,813,0.33,0.412,0.26,0
163,KCR,706,778,0.322,0.388,0.261,0
166,MIL,801,776,0.329,0.456,0.262,0
167,MIN,718,725,0.33,0.391,0.264,0
168,NYM,804,750,0.342,0.432,0.275,0
169,NYY,968,777,0.366,0.463,0.29,1
171,PHI,892,821,0.354,0.458,0.274,1
172,PIT,724,846,0.325,0.411,0.263,0
173,SDP,741,666,0.322,0.411,0.251,0
174,SEA,794,813,0.337,0.425,0.287,0
179,TOR,753,699,0.327,0.419,0.259,0
180,WSN,673,783,0.325,0.39,0.256,0
181,ARI,773,788,0.331,0.424,0.267,0
182,ATL,849,805,0.337,0.455,0.27,0
183,BAL,768,899,0.339,0.424,0.277,0
184,BOS,820,825,0.351,0.435,0.269,0
186,CHW,868,794,0.342,0.464,0.28,0
187,CIN,749,801,0.336,0.432,0.257,0
189,COL,813,812,0.341,0.433,0.27,0
190,DET,822,675,0.329,0.449,0.274,1
191,FLA,758,772,0.331,0.435,0.264,0
192,HOU,735,719,0.332,0.409,0.255,0
193,KCR,757,971,0.332,0.411,0.271,0
195,LAD,820,751,0.348,0.432,0.276,1
196,MIL,730,833,0.327,0.42,0.258,0
197,MIN,801,683,0.347,0.425,0.287,1
198,NYM,834,731,0.334,0.445,0.264,1
199,NYY,930,767,0.363,0.461,0.285,1
200,OAK,771,727,0.34,0.412,0.26,1
201,PHI,865,812,0.347,0.447,0.267,0
202,PIT,691,797,0.327,0.397,0.263,0
203,SDP,731,679,0.332,0.416,0.263,1
205,SFG,746,790,0.324,0.422,0.259,0
207,TBD,689,856,0.314,0.42,0.255,0
209,TOR,809,754,0.348,0.463,0.284,0
210,WSN,746,872,0.338,0.418,0.262,0
211,ARI,696,856,0.332,0.421,0.256,0
213,BAL,729,800,0.327,0.434,0.269,0
216,CHW,741,645,0.322,0.425,0.262,1
217,CIN,820,889,0.339,0.446,0.261,0
219,COL,740,862,0.333,0.411,0.267,0
220,DET,723,787,0.321,0.428,0.272,0
222,HOU,693,609,0.322,0.408,0.256,1
224,LAA,761,643,0.325,0.409,0.27,1
225,LAD,685,755,0.326,0.395,0.253,0
226,MIL,726,697,0.331,0.423,0.259,0
228,NYM,722,648,0.322,0.416,0.258,0
229,NYY,886,789,0.355,0.45,0.276,1
233,SDP,684,726,0.333,0.391,0.257,1
234,SEA,699,751,0.317,0.391,0.256,0
235,SFG,649,745,0.319,0.396,0.261,0
236,STL,805,634,0.339,0.423,0.27,1
237,TBD,750,936,0.329,0.425,0.274,0
239,TOR,775,705,0.331,0.407,0.265,0
242,ARI,615,899,0.31,0.393,0.253,0
243,ATL,803,668,0.343,0.434,0.27,1
244,BAL,842,830,0.345,0.432,0.281,0
245,BOS,949,768,0.36,0.472,0.282,1
246,CHC,789,665,0.328,0.458,0.268,0
251,DET,827,844,0.337,0.449,0.272,0
252,FLA,718,700,0.329,0.406,0.264,0
253,HOU,803,698,0.342,0.436,0.267,1
254,KCR,720,905,0.322,0.397,0.259,0
256,MIL,634,757,0.321,0.387,0.248,0
257,MIN,780,715,0.332,0.431,0.266,1
258,MON,635,769,0.313,0.392,0.249,0
259,NYM,684,731,0.317,0.409,0.249,0
260,NYY,897,808,0.353,0.458,0.268,1
261,OAK,793,742,0.343,0.433,0.27,0
262,PHI,840,781,0.345,0.443,0.267,0
264,SDP,768,705,0.342,0.414,0.273,0
265,SEA,698,823,0.331,0.396,0.27,0
266,SFG,850,770,0.357,0.438,0.27,0
267,STL,855,659,0.344,0.46,0.278,1
268,TBD,714,842,0.32,0.405,0.258,0
271,ANA,736,743,0.33,0.413,0.268,0
272,ARI,717,685,0.33,0.417,0.263,0
273,ATL,907,740,0.349,0.475,0.284,1
275,BOS,961,809,0.36,0.491,0.289,1
276,CHC,724,683,0.323,0.416,0.259,1
278,CIN,694,886,0.318,0.395,0.245,0
279,CLE,699,778,0.316,0.401,0.254,0
280,COL,853,892,0.344,0.445,0.267,0
281,DET,591,928,0.3,0.375,0.24,0
282,FLA,751,692,0.333,0.421,0.266,1
283,HOU,805,677,0.336,0.431,0.263,0
284,KCR,836,867,0.336,0.427,0.274,0
286,MIL,714,873,0.329,0.419,0.256,0
288,MON,711,716,0.326,0.401,0.258,0
291,OAK,768,643,0.327,0.417,0.254,1
292,PHI,791,697,0.343,0.419,0.261,0
293,PIT,753,801,0.338,0.42,0.267,0
294,SDP,678,831,0.333,0.388,0.261,0
295,SEA,795,637,0.344,0.41,0.271,0
297,STL,876,796,0.35,0.454,0.279,0
298,TBD,715,852,0.32,0.404,0.265,0
300,TOR,894,826,0.349,0.455,0.279,0
303,ATL,708,565,0.331,0.409,0.26,1
307,CHW,856,798,0.338,0.449,0.268,0
308,CIN,709,774,0.33,0.408,0.253,0
309,CLE,739,837,0.321,0.412,0.249,0
310,COL,778,898,0.337,0.423,0.274,0
311,DET,575,864,0.3,0.379,0.248,0
312,FLA,699,763,0.337,0.403,0.261,0
315,LAD,713,643,0.32,0.409,0.264,0
316,MIL,627,821,0.32,0.39,0.253,0
317,MIN,768,712,0.332,0.437,0.272,1
318,MON,735,718,0.334,0.418,0.261,0
319,NYM,690,703,0.322,0.395,0.256,0
320,NYY,897,697,0.354,0.455,0.275,1
321,OAK,800,654,0.339,0.432,0.261,1
322,PHI,710,724,0.339,0.422,0.259,0
323,PIT,641,730,0.319,0.381,0.244,0
324,SDP,662,815,0.321,0.381,0.253,0
326,SFG,783,616,0.344,0.442,0.267,1
327,STL,787,648,0.338,0.425,0.268,1
328,TBD,673,918,0.314,0.39,0.253,0
329,TEX,843,882,0.338,0.455,0.269,0
332,ARI,818,677,0.341,0.442,0.267,1
333,ATL,729,643,0.324,0.412,0.26,1
335,BOS,772,745,0.334,0.439,0.266,0
336,CHC,777,701,0.336,0.43,0.261,0
337,CHW,798,795,0.334,0.451,0.268,0
339,CLE,897,821,0.35,0.458,0.278,1
342,FLA,742,744,0.326,0.423,0.264,0
343,HOU,847,769,0.347,0.451,0.271,1
345,LAD,758,744,0.323,0.425,0.255,0
347,MIN,771,766,0.337,0.433,0.272,0
348,MON,670,812,0.319,0.396,0.253,0
349,NYM,642,713,0.323,0.387,0.249,0
352,PHI,746,719,0.329,0.414,0.26,0
353,PIT,657,858,0.313,0.393,0.247,0
354,SDP,789,812,0.336,0.399,0.252,0
356,SFG,799,748,0.342,0.46,0.266,0
359,TEX,890,968,0.344,0.471,0.275,0
360,TOR,767,753,0.325,0.43,0.263,0
362,ARI,792,754,0.333,0.429,0.265,0
363,ATL,810,714,0.346,0.429,0.271,1
365,BOS,792,745,0.341,0.423,0.267,0
366,CHC,764,904,0.335,0.411,0.256,0
369,CLE,950,816,0.367,0.47,0.288,0
370,COL,968,897,0.362,0.455,0.294,0
371,DET,823,827,0.343,0.438,0.275,0
372,FLA,731,797,0.331,0.409,0.262,0
374,KCR,879,930,0.348,0.425,0.288,0
375,LAD,798,729,0.341,0.431,0.257,0
376,MIL,740,826,0.325,0.403,0.246,0
377,MIN,748,880,0.337,0.407,0.27,0
378,MON,738,902,0.326,0.432,0.266,0
379,NYM,807,738,0.346,0.43,0.263,1
381,OAK,947,813,0.36,0.458,0.27,1
382,PHI,708,830,0.329,0.4,0.251,0
383,PIT,793,888,0.339,0.424,0.267,0
384,SDP,752,815,0.33,0.402,0.254,0
385,SEA,907,780,0.361,0.442,0.269,1
386,SFG,925,747,0.362,0.472,0.278,1
387,STL,887,771,0.356,0.455,0.27,1
389,TEX,848,974,0.352,0.446,0.283,0
391,ANA,711,826,0.322,0.395,0.256,0
392,ARI,908,676,0.347,0.459,0.277,1
394,BAL,851,815,0.353,0.447,0.279,0
397,CHW,777,870,0.337,0.429,0.277,0
398,CIN,865,711,0.341,0.451,0.272,0
399,CLE,1009,860,0.373,0.467,0.289,1
400,COL,906,1028,0.348,0.472,0.288,0
401,DET,747,882,0.326,0.443,0.261,0
402,FLA,691,852,0.325,0.395,0.263,0
403,HOU,823,675,0.355,0.42,0.267,1
405,LAD,793,787,0.339,0.42,0.266,0
407,MIN,686,845,0.328,0.384,0.264,0
408,MON,718,853,0.323,0.427,0.265,0
409,NYM,853,711,0.363,0.434,0.279,1
410,NYY,900,731,0.366,0.453,0.282,1
413,PIT,775,782,0.334,0.419,0.259,0
414,SDP,710,781,0.332,0.393,0.252,0
415,SEA,859,905,0.343,0.455,0.269,0
417,STL,809,838,0.338,0.426,0.262,0
418,TBD,772,913,0.343,0.411,0.274,0
419,TEX,945,859,0.361,0.479,0.293,1
423,ATL,826,581,0.342,0.453,0.272,1
424,BAL,817,785,0.347,0.447,0.273,0
425,BOS,876,729,0.348,0.463,0.28,1
426,CHC,831,792,0.337,0.433,0.264,1
427,CHW,861,931,0.339,0.444,0.271,0
428,CIN,750,760,0.337,0.402,0.262,0
429,CLE,850,779,0.347,0.448,0.272,1
431,DET,722,863,0.323,0.415,0.264,0
432,FLA,667,923,0.317,0.373,0.248,0
433,HOU,874,620,0.356,0.436,0.28,1
434,KCR,714,899,0.324,0.399,0.263,0
435,LAD,669,678,0.31,0.387,0.252,0
436,MIL,707,812,0.33,0.396,0.26,0
437,MIN,734,818,0.328,0.389,0.266,0
438,MON,644,783,0.31,0.394,0.249,0
439,NYM,706,645,0.33,0.394,0.259,0
441,OAK,804,866,0.338,0.397,0.257,0
444,SDP,749,635,0.33,0.409,0.253,1
445,SEA,859,855,0.345,0.468,0.276,0
448,TBD,620,751,0.321,0.385,0.261,0
449,TEX,940,871,0.357,0.462,0.289,1
450,TOR,816,768,0.34,0.448,0.266,0
451,ANA,829,794,0.346,0.416,0.272,0
452,ATL,791,581,0.343,0.426,0.27,1
453,BAL,812,681,0.341,0.429,0.268,1
455,CHC,687,759,0.321,0.396,0.263,0
456,CHW,779,833,0.341,0.417,0.273,0
457,CIN,651,764,0.321,0.389,0.253,0
458,CLE,868,815,0.358,0.467,0.286,1
460,DET,784,790,0.332,0.415,0.258,0
461,FLA,740,669,0.346,0.395,0.259,1
462,HOU,777,660,0.344,0.403,0.259,1
463,KCR,747,820,0.333,0.407,0.264,0
464,LAD,742,645,0.33,0.418,0.268,0
466,MIN,772,861,0.333,0.409,0.27,0
467,MON,691,740,0.316,0.425,0.258,0
468,NYM,777,709,0.332,0.405,0.262,0
469,NYY,891,688,0.362,0.436,0.287,1
471,PHI,668,840,0.322,0.385,0.255,0
472,PIT,725,760,0.329,0.404,0.262,0
473,SDP,795,891,0.342,0.407,0.271,0
476,STL,689,708,0.324,0.396,0.255,0
477,TEX,807,823,0.334,0.438,0.274,0
478,TOR,654,694,0.31,0.389,0.244,0
479,ATL,773,648,0.333,0.432,0.27,1
480,BAL,949,903,0.35,0.472,0.274,1
481,BOS,928,921,0.359,0.457,0.283,0
482,CAL,762,943,0.339,0.431,0.276,0
483,CHC,772,771,0.32,0.401,0.251,0
484,CHW,898,794,0.36,0.447,0.281,0
486,CLE,952,769,0.369,0.475,0.293,1
490,HOU,753,792,0.336,0.397,0.262,0
492,LAD,703,652,0.316,0.384,0.252,1
493,MIL,894,899,0.353,0.441,0.279,0
494,MIN,877,900,0.357,0.425,0.288,0
496,NYM,746,779,0.324,0.412,0.27,0
497,NYY,871,787,0.36,0.436,0.288,1
499,PHI,650,790,0.325,0.387,0.256,0
502,SEA,993,895,0.366,0.484,0.287,0
504,STL,759,706,0.33,0.407,0.267,1
507,ATL,767,559,0.331,0.408,0.262,1
508,BAL,786,745,0.346,0.413,0.267,0
509,BOS,686,698,0.33,0.395,0.264,0
510,CAL,684,770,0.331,0.38,0.26,0
512,CHW,776,664,0.338,0.411,0.265,1
513,CIN,722,785,0.324,0.396,0.264,0
514,CLE,790,813,0.335,0.409,0.275,0
516,DET,899,837,0.362,0.434,0.275,0
518,HOU,716,630,0.33,0.409,0.267,0
519,KCR,675,694,0.32,0.397,0.263,0
521,MIL,733,792,0.328,0.378,0.258,0
522,MIN,693,830,0.327,0.385,0.264,0
523,MON,732,682,0.326,0.386,0.257,0
524,NYM,672,744,0.305,0.39,0.248,0
525,NYY,821,761,0.353,0.435,0.279,0
526,OAK,715,846,0.33,0.394,0.254,0
527,PHI,877,740,0.351,0.426,0.274,1
528,PIT,707,806,0.335,0.393,0.267,0
529,SDP,679,772,0.312,0.389,0.252,0
530,SEA,734,731,0.339,0.406,0.26,0
531,SFG,808,636,0.34,0.427,0.276,0
534,TOR,847,742,0.35,0.436,0.279,1
535,ATL,682,569,0.316,0.388,0.254,1
538,CAL,579,671,0.301,0.338,0.243,0
540,CHW,738,690,0.336,0.383,0.261,0
542,CLE,674,746,0.323,0.383,0.266,0
543,DET,791,794,0.337,0.407,0.256,0
545,KCR,610,667,0.315,0.364,0.256,0
547,MIL,740,604,0.33,0.375,0.268,0
548,MIN,747,653,0.341,0.391,0.277,0
550,NYM,599,653,0.31,0.342,0.235,0
551,NYY,733,746,0.328,0.406,0.261,0
552,OAK,745,672,0.346,0.386,0.258,1
553,PHI,686,717,0.32,0.377,0.253,0
555,SDP,617,636,0.313,0.386,0.255,0
556,SEA,679,799,0.323,0.402,0.263,0
557,SFG,574,647,0.302,0.355,0.244,0
558,STL,631,604,0.323,0.375,0.262,0
559,TEX,682,753,0.321,0.393,0.25,0
561,ATL,749,644,0.328,0.393,0.258,1
562,BAL,686,796,0.319,0.401,0.254,0
566,CHW,758,681,0.336,0.391,0.262,0
567,CIN,689,691,0.32,0.403,0.258,0
568,CLE,576,759,0.313,0.35,0.254,0
571,KCR,727,722,0.328,0.394,0.264,0
572,LAD,665,565,0.326,0.359,0.253,0
573,MIL,799,744,0.336,0.396,0.271,0
575,MON,579,655,0.308,0.357,0.246,0
577,NYY,674,777,0.316,0.387,0.256,0
579,PHI,629,680,0.303,0.358,0.241,0
581,SDP,636,646,0.31,0.362,0.244,0
582,SEA,702,674,0.328,0.383,0.255,0
583,SFG,649,697,0.309,0.381,0.246,0
584,STL,651,648,0.322,0.357,0.255,0
585,TEX,829,814,0.341,0.424,0.27,0
586,TOR,684,622,0.322,0.4,0.257,1
587,ATL,682,821,0.311,0.396,0.25,0
589,BOS,699,664,0.344,0.395,0.272,1
590,CAL,690,706,0.329,0.391,0.26,0
591,CHC,690,774,0.314,0.392,0.263,0
592,CHW,682,633,0.32,0.379,0.258,0
593,CIN,693,597,0.325,0.399,0.265,1
595,DET,750,754,0.337,0.409,0.259,0
597,KCR,707,709,0.328,0.395,0.267,0
598,LAD,728,685,0.328,0.382,0.262,0
603,NYY,603,749,0.3,0.366,0.241,0
605,PHI,646,729,0.327,0.363,0.255,0
607,SDP,673,673,0.32,0.38,0.257,0
608,SEA,640,680,0.333,0.373,0.259,0
609,SFG,719,710,0.323,0.396,0.262,0
610,STL,599,698,0.32,0.358,0.256,0
612,TOR,767,661,0.328,0.419,0.265,0
613,ATL,584,680,0.298,0.35,0.234,0
614,BAL,708,686,0.326,0.379,0.252,0
615,BOS,774,735,0.351,0.403,0.277,0
616,CAL,669,578,0.311,0.386,0.256,0
617,CHC,702,623,0.319,0.387,0.261,1
618,CHW,693,750,0.328,0.383,0.271,0
619,CIN,632,691,0.309,0.37,0.247,0
622,HOU,647,669,0.306,0.345,0.239,0
623,KCR,690,635,0.329,0.373,0.261,0
624,LAD,554,536,0.306,0.339,0.24,0
625,MIL,707,679,0.318,0.382,0.259,0
626,MIN,740,738,0.334,0.402,0.276,0
628,NYM,683,595,0.311,0.385,0.246,0
629,NYY,698,792,0.331,0.391,0.269,0
630,OAK,712,576,0.331,0.381,0.261,1
631,PHI,629,735,0.314,0.364,0.243,0
632,PIT,637,680,0.311,0.359,0.241,0
634,SEA,694,728,0.32,0.384,0.257,0
636,STL,632,608,0.321,0.363,0.258,0
638,TOR,731,651,0.323,0.398,0.26,1
639,ATL,555,741,0.298,0.348,0.242,0
640,BAL,550,789,0.305,0.359,0.238,0
644,CHW,631,757,0.303,0.37,0.244,0
645,CIN,641,596,0.309,0.368,0.246,0
648,HOU,617,631,0.306,0.351,0.244,0
649,KCR,704,648,0.321,0.391,0.259,0
650,LAD,628,544,0.305,0.352,0.248,1
651,MIL,682,616,0.314,0.375,0.257,0
652,MIN,759,672,0.34,0.421,0.274,0
653,MON,628,592,0.309,0.373,0.251,0
655,NYY,772,748,0.333,0.395,0.263,0
656,OAK,800,620,0.336,0.399,0.263,1
657,PHI,597,734,0.306,0.355,0.239,0
658,PIT,651,616,0.317,0.369,0.247,0
659,SDP,594,583,0.31,0.351,0.247,0
660,SEA,664,744,0.317,0.398,0.257,0
661,SFG,670,626,0.318,0.368,0.248,0
662,STL,578,633,0.309,0.337,0.249,0
665,ATL,747,829,0.339,0.403,0.258,0
668,CAL,770,803,0.326,0.401,0.252,0
670,CHW,748,746,0.319,0.415,0.258,0
671,CIN,783,752,0.33,0.427,0.266,0
673,DET,896,735,0.349,0.451,0.272,1
676,LAD,635,675,0.309,0.371,0.252,0
677,MIL,862,817,0.346,0.428,0.276,0
678,MIN,786,806,0.328,0.43,0.261,1
679,MON,741,720,0.328,0.401,0.265,0
681,NYY,788,758,0.336,0.418,0.262,0
684,PIT,723,744,0.33,0.403,0.264,0
685,SDP,668,763,0.332,0.378,0.26,0
687,SFG,783,669,0.324,0.43,0.26,1
688,STL,798,693,0.34,0.378,0.263,1
689,TEX,823,849,0.333,0.43,0.266,0
690,TOR,845,655,0.336,0.446,0.269,0
691,ATL,615,719,0.319,0.381,0.25,0
692,BAL,708,760,0.327,0.395,0.258,0
693,BOS,794,696,0.346,0.415,0.271,1
696,CHW,644,699,0.31,0.363,0.247,0
698,CLE,831,841,0.337,0.43,0.284,0
699,DET,798,714,0.338,0.424,0.263,0
700,HOU,654,569,0.322,0.381,0.255,1
702,LAD,638,679,0.313,0.37,0.251,0
703,MIL,667,734,0.321,0.385,0.255,0
709,PHI,739,713,0.327,0.4,0.253,0
711,SDP,656,723,0.321,0.388,0.261,0
716,TOR,809,733,0.329,0.427,0.269,0
717,ATL,632,781,0.315,0.363,0.246,0
718,BAL,818,764,0.336,0.43,0.263,0
719,BOS,800,720,0.347,0.429,0.282,0
720,CAL,732,703,0.333,0.386,0.251,0
721,CHC,686,729,0.324,0.39,0.254,0
722,CHW,736,720,0.315,0.392,0.253,0
723,CIN,677,666,0.327,0.376,0.255,0
724,CLE,729,861,0.324,0.385,0.265,0
725,DET,729,688,0.318,0.424,0.253,0
726,HOU,706,691,0.319,0.388,0.261,0
728,LAD,682,579,0.328,0.382,0.261,1
729,MIL,690,802,0.319,0.379,0.263,0
730,MIN,705,782,0.326,0.407,0.264,0
733,NYY,839,660,0.344,0.425,0.267,0
734,OAK,757,787,0.325,0.401,0.264,0
736,PIT,568,708,0.311,0.347,0.247,0
737,SDP,650,622,0.32,0.368,0.255,0
738,SEA,719,818,0.326,0.412,0.255,0
739,SFG,556,674,0.299,0.348,0.233,0
741,TEX,617,785,0.322,0.381,0.253,0
744,BAL,681,667,0.328,0.391,0.252,0
746,CAL,696,697,0.319,0.381,0.249,0
749,CIN,627,747,0.313,0.356,0.244,0
750,CLE,761,766,0.335,0.384,0.265,0
751,DET,829,643,0.342,0.432,0.271,1
752,HOU,693,630,0.323,0.371,0.264,0
756,MIN,673,675,0.318,0.385,0.265,0
757,MON,593,585,0.312,0.362,0.251,0
758,NYM,652,676,0.32,0.369,0.257,0
759,NYY,758,679,0.339,0.404,0.276,0
760,OAK,738,796,0.327,0.404,0.259,0
762,PIT,615,567,0.31,0.363,0.255,0
765,SFG,682,807,0.328,0.375,0.265,0
766,STL,652,645,0.317,0.351,0.252,0
767,TEX,656,714,0.313,0.377,0.261,0
769,ATL,746,640,0.341,0.4,0.272,0
770,BAL,799,652,0.34,0.421,0.269,1
771,BOS,724,775,0.335,0.409,0.27,0
772,CAL,722,779,0.322,0.393,0.26,0
773,CHC,701,719,0.319,0.401,0.261,0
774,CHW,800,650,0.329,0.413,0.262,1
775,CIN,623,710,0.314,0.356,0.239,0
777,DET,789,679,0.335,0.427,0.274,0
778,HOU,643,646,0.32,0.375,0.257,0
779,KCR,696,767,0.32,0.397,0.271,0
780,LAD,654,609,0.318,0.379,0.25,1
783,MON,677,646,0.326,0.386,0.264,0
784,NYM,575,680,0.3,0.344,0.241,0
785,NYY,770,703,0.337,0.416,0.273,0
786,OAK,708,782,0.326,0.381,0.262,0
787,PHI,696,635,0.329,0.373,0.249,1
788,PIT,659,648,0.325,0.383,0.264,0
789,SDP,653,653,0.311,0.351,0.25,0
790,SEA,558,740,0.301,0.36,0.24,0
792,STL,679,710,0.335,0.384,0.27,0
793,TEX,639,609,0.31,0.366,0.255,0
794,TOR,795,726,0.338,0.436,0.277,0
796,BAL,774,687,0.341,0.419,0.266,0
799,CHC,676,709,0.317,0.375,0.26,0
801,CIN,545,661,0.31,0.35,0.251,0
802,CLE,683,748,0.341,0.373,0.262,0
803,DET,729,685,0.324,0.418,0.266,0
804,HOU,569,620,0.302,0.349,0.247,0
805,KCR,784,717,0.337,0.428,0.285,0
807,MIL,891,717,0.335,0.455,0.279,1
809,MON,697,616,0.325,0.396,0.262,0
810,NYM,609,723,0.305,0.35,0.247,0
812,OAK,691,819,0.309,0.367,0.236,0
814,PIT,724,696,0.327,0.408,0.273,0
815,SDP,675,658,0.311,0.359,0.257,0
816,SEA,651,712,0.311,0.381,0.254,0
817,SFG,673,687,0.327,0.376,0.253,0
818,STL,685,609,0.334,0.364,0.264,1
819,TEX,590,749,0.308,0.359,0.249,0
820,TOR,651,701,0.314,0.383,0.262,0
821,ATL,630,660,0.307,0.38,0.25,0
822,BAL,805,640,0.342,0.413,0.273,0
823,BOS,757,767,0.34,0.436,0.283,0
824,CAL,698,797,0.332,0.378,0.265,0
826,CHW,587,722,0.311,0.37,0.259,0
827,CIN,707,670,0.327,0.386,0.262,0
830,HOU,637,589,0.326,0.367,0.261,1
831,KCR,809,694,0.345,0.413,0.286,1
832,LAD,663,591,0.323,0.388,0.263,0
835,MON,694,629,0.324,0.388,0.257,0
836,NYM,611,702,0.319,0.345,0.257,0
840,PIT,666,646,0.322,0.388,0.266,0
844,STL,738,710,0.328,0.4,0.275,0
845,TEX,756,752,0.339,0.405,0.284,0
848,BAL,757,582,0.336,0.419,0.261,1
849,BOS,841,711,0.344,0.456,0.283,0
851,CHC,706,707,0.329,0.403,0.269,0
852,CHW,730,748,0.333,0.41,0.275,0
854,CLE,760,805,0.34,0.384,0.258,0
857,KCR,851,816,0.343,0.422,0.282,0
858,LAD,739,717,0.331,0.412,0.263,0
859,MIL,807,722,0.345,0.448,0.28,0
860,MIN,764,725,0.341,0.402,0.278,0
861,MON,701,581,0.319,0.408,0.264,0
863,NYY,734,672,0.328,0.406,0.266,0
864,OAK,573,860,0.302,0.346,0.239,0
866,PIT,775,643,0.33,0.416,0.272,1
868,SEA,711,820,0.331,0.404,0.269,0
869,SFG,672,751,0.319,0.365,0.246,0
870,STL,731,693,0.331,0.401,0.278,0
872,TOR,613,862,0.311,0.363,0.251,0
874,BAL,659,633,0.326,0.396,0.258,0
875,BOS,796,657,0.336,0.424,0.267,0
876,CAL,691,666,0.33,0.37,0.259,0
877,CHC,664,724,0.331,0.361,0.264,0
878,CHW,634,731,0.317,0.379,0.264,0
880,CLE,639,694,0.323,0.379,0.261,0
881,DET,714,653,0.339,0.392,0.271,0
882,HOU,605,634,0.313,0.355,0.258,0
883,KCR,743,634,0.329,0.399,0.268,1
884,LAD,727,573,0.338,0.402,0.264,1
886,MIN,666,678,0.339,0.375,0.267,0
889,NYY,735,582,0.329,0.388,0.267,1
890,OAK,532,690,0.303,0.351,0.245,0
894,SEA,614,834,0.314,0.359,0.248,0
895,SFG,613,594,0.318,0.374,0.248,0
896,STL,600,657,0.303,0.358,0.249,0
897,TEX,692,632,0.332,0.381,0.253,0
898,TOR,590,775,0.308,0.359,0.25,0
899,ATL,678,895,0.32,0.376,0.254,0
900,BAL,719,653,0.329,0.393,0.261,0
901,BOS,859,712,0.345,0.465,0.281,0
903,CHC,692,739,0.33,0.387,0.266,0
904,CHW,844,771,0.344,0.444,0.278,0
906,CLE,676,739,0.334,0.38,0.269,0
907,DET,714,751,0.318,0.41,0.264,0
908,HOU,680,650,0.32,0.385,0.254,0
909,KCR,822,651,0.34,0.436,0.277,1
910,LAD,769,582,0.336,0.418,0.266,1
911,MIL,639,765,0.314,0.389,0.258,0
914,NYM,587,663,0.313,0.346,0.244,0
915,NYY,831,651,0.344,0.444,0.281,1
916,OAK,605,749,0.308,0.352,0.24,0
917,PHI,847,668,0.346,0.448,0.279,1
919,SDP,692,834,0.324,0.375,0.249,0
920,SEA,624,855,0.312,0.381,0.256,0
923,TEX,767,657,0.342,0.405,0.27,0
924,TOR,605,822,0.316,0.365,0.252,0
925,ATL,620,700,0.32,0.334,0.245,0
926,BAL,619,598,0.31,0.358,0.243,0
927,BOS,716,660,0.324,0.402,0.263,0
929,CHC,611,728,0.313,0.356,0.251,0
931,CIN,857,633,0.357,0.424,0.28,1
932,CLE,615,615,0.321,0.359,0.263,0
934,HOU,625,657,0.322,0.347,0.256,0
937,MIL,570,655,0.311,0.34,0.246,0
938,MIN,743,704,0.341,0.375,0.274,0
940,NYM,615,538,0.319,0.352,0.246,0
941,NYY,730,575,0.328,0.389,0.269,1
942,OAK,686,598,0.323,0.361,0.246,0
943,PHI,770,557,0.338,0.395,0.272,1
946,SFG,595,686,0.312,0.345,0.246,0
947,STL,629,671,0.323,0.359,0.26,0
948,TEX,616,652,0.321,0.341,0.25,0
950,BAL,682,553,0.326,0.373,0.252,0
952,CAL,628,723,0.322,0.328,0.246,0
955,CIN,840,586,0.353,0.401,0.271,1
956,CLE,688,703,0.327,0.392,0.261,0
958,HOU,664,711,0.32,0.359,0.254,0
960,LAD,648,534,0.325,0.365,0.248,0
962,MIN,724,736,0.341,0.386,0.271,0
964,NYM,646,625,0.319,0.361,0.256,0
965,NYY,681,588,0.325,0.382,0.264,0
966,OAK,758,606,0.333,0.391,0.254,1
967,PHI,735,694,0.342,0.402,0.269,0
968,PIT,712,565,0.323,0.402,0.263,1
969,SDP,552,683,0.31,0.335,0.244,0
970,SFG,659,671,0.333,0.365,0.259,0
974,BAL,659,612,0.322,0.37,0.256,1
975,BOS,696,661,0.333,0.377,0.264,0
977,CHC,669,826,0.327,0.365,0.251,0
978,CHW,684,721,0.33,0.389,0.268,0
979,CIN,776,631,0.343,0.394,0.26,0
980,CLE,662,694,0.311,0.37,0.255,0
985,MIL,647,660,0.309,0.369,0.244,0
986,MIN,673,669,0.336,0.378,0.272,0
987,MON,662,657,0.335,0.35,0.254,0
988,NYM,572,646,0.311,0.329,0.235,0
989,NYY,671,623,0.324,0.368,0.263,0
990,OAK,689,551,0.321,0.373,0.247,1
991,PHI,676,701,0.32,0.373,0.261,0
992,PIT,751,657,0.335,0.391,0.274,1
994,SFG,634,723,0.322,0.358,0.252,0
996,TEX,690,698,0.336,0.377,0.272,0
997,ATL,799,774,0.339,0.427,0.266,0
998,BAL,754,561,0.345,0.389,0.266,1
1000,CAL,629,657,0.318,0.348,0.253,0
1002,CHW,652,705,0.324,0.372,0.256,0
1003,CIN,741,621,0.332,0.383,0.254,1
1004,CLE,680,826,0.315,0.387,0.256,0
1006,HOU,681,672,0.312,0.376,0.251,0
1007,KCR,755,752,0.339,0.381,0.261,0
1009,MIL,708,731,0.325,0.388,0.253,0
1011,MON,668,702,0.34,0.364,0.251,0
1013,NYY,641,610,0.322,0.378,0.261,0
1014,OAK,758,615,0.333,0.389,0.26,1
1015,PHI,642,717,0.31,0.371,0.249,0
1016,PIT,704,693,0.315,0.405,0.261,0
1018,SFG,739,702,0.335,0.407,0.262,0
1019,STL,643,603,0.325,0.357,0.259,0
1020,TEX,619,844,0.318,0.361,0.255,0
1021,ATL,643,699,0.312,0.385,0.257,0
1022,BAL,742,530,0.347,0.398,0.261,1
1024,CAL,511,576,0.29,0.329,0.231,0
1026,CHW,617,597,0.325,0.373,0.25,0
1027,CIN,586,581,0.3,0.366,0.241,0
1028,CLE,543,747,0.3,0.342,0.238,0
1029,DET,701,645,0.325,0.405,0.254,0
1030,HOU,585,567,0.302,0.34,0.24,0
1031,KCR,603,566,0.313,0.353,0.25,0
1032,LAD,663,587,0.325,0.37,0.266,0
1033,MIL,534,609,0.304,0.329,0.229,0
1034,MIN,654,670,0.323,0.372,0.26,0
1036,NYM,588,550,0.319,0.351,0.249,0
1039,PHI,558,688,0.298,0.35,0.233,0
1040,PIT,788,599,0.33,0.416,0.274,1
1041,SDP,486,610,0.293,0.332,0.233,0
1042,SFG,706,644,0.329,0.378,0.247,1
1043,STL,739,699,0.338,0.385,0.275,0
1044,WSA,537,660,0.307,0.326,0.23,0
1045,ATL,736,772,0.334,0.404,0.27,0
1046,BAL,792,574,0.344,0.401,0.257,1
1048,CAL,631,630,0.309,0.363,0.251,0
1050,CHW,633,822,0.315,0.362,0.253,0
1051,CIN,775,681,0.336,0.436,0.27,1
1052,CLE,649,675,0.314,0.394,0.249,0
1053,DET,666,731,0.322,0.374,0.238,0
1054,HOU,744,763,0.332,0.391,0.259,0
1055,KCR,611,705,0.309,0.348,0.244,0
1056,LAD,749,684,0.334,0.382,0.27,0
1058,MIN,744,605,0.327,0.403,0.262,1
1059,MON,687,807,0.323,0.365,0.237,0
1060,NYM,695,630,0.333,0.37,0.249,0
1061,NYY,680,612,0.324,0.365,0.251,0
1062,OAK,678,593,0.325,0.392,0.249,0
1063,PHI,594,730,0.305,0.356,0.238,0
1065,SDP,681,788,0.312,0.391,0.246,0
1066,SFG,831,826,0.351,0.409,0.262,0
1067,STL,744,747,0.331,0.379,0.263,0
1068,WSA,626,689,0.321,0.358,0.238,0
1070,BAL,779,517,0.343,0.414,0.265,1
1071,BOS,743,736,0.333,0.415,0.251,0
1072,CAL,528,652,0.3,0.319,0.23,0
1073,CHC,720,611,0.323,0.384,0.253,0
1074,CHW,625,723,0.32,0.357,0.247,0
1075,CIN,798,768,0.335,0.422,0.277,0
1076,CLE,573,717,0.307,0.345,0.237,0
1077,DET,701,601,0.316,0.387,0.242,0
1078,HOU,676,668,0.33,0.352,0.24,0
1079,KCR,586,688,0.309,0.338,0.24,0
1080,LAD,645,561,0.315,0.359,0.254,0
1081,MIN,790,618,0.34,0.408,0.268,1
1083,NYM,632,541,0.311,0.351,0.242,1
1084,NYY,562,587,0.308,0.344,0.235,0
1085,OAK,740,678,0.329,0.376,0.249,0
1086,PHI,645,745,0.312,0.372,0.241,0
1087,PIT,725,652,0.334,0.398,0.277,0
1088,SDP,468,746,0.285,0.329,0.225,0
1089,SEP,639,799,0.316,0.346,0.234,0
1091,STL,595,540,0.316,0.359,0.253,0
1092,WSA,694,644,0.33,0.378,0.251,0
1094,BAL,579,497,0.304,0.352,0.225,0
1096,CAL,498,615,0.291,0.318,0.227,0
1097,CHC,612,611,0.298,0.366,0.242,0
1098,CHW,463,527,0.284,0.311,0.228,0
1099,CIN,690,673,0.32,0.389,0.273,0
1102,HOU,510,588,0.298,0.317,0.231,0
1103,LAD,470,509,0.289,0.319,0.23,0
1104,MIN,562,546,0.299,0.35,0.237,0
1107,OAK,569,544,0.304,0.343,0.24,0
1109,PIT,583,532,0.306,0.343,0.252,0
1110,SFG,599,529,0.307,0.341,0.239,0
1112,WSA,524,665,0.287,0.336,0.224,0
1113,ATL,631,640,0.307,0.372,0.24,0
1115,BOS,722,614,0.321,0.395,0.255,1
1116,CAL,567,587,0.301,0.349,0.238,0
1117,CHC,702,624,0.316,0.378,0.251,0
1118,CHW,531,491,0.291,0.32,0.225,0
1119,CIN,604,563,0.297,0.372,0.248,0
1121,DET,683,587,0.325,0.376,0.243,0
1122,HOU,626,742,0.317,0.364,0.249,0
1123,KCA,533,660,0.296,0.33,0.233,0
1124,LAD,519,595,0.301,0.332,0.236,0
1125,MIN,671,590,0.309,0.369,0.24,0
1127,NYY,522,621,0.296,0.317,0.225,0
1128,PHI,612,581,0.313,0.357,0.242,0
1129,PIT,679,693,0.324,0.38,0.277,0
1131,STL,695,557,0.32,0.379,0.263,1
1132,WSA,550,637,0.288,0.326,0.223,0
1133,ATL,782,683,0.326,0.424,0.263,0
1134,BAL,755,601,0.324,0.409,0.258,1
1135,BOS,655,731,0.31,0.376,0.24,0
1137,CHC,644,809,0.313,0.38,0.254,0
1139,CIN,692,702,0.309,0.395,0.26,0
1140,CLE,574,586,0.297,0.36,0.237,0
1141,DET,719,698,0.321,0.406,0.251,0
1142,HOU,612,695,0.318,0.365,0.255,0
1143,KCA,564,648,0.294,0.337,0.236,0
1144,LAD,606,490,0.314,0.362,0.256,1
1145,MIN,663,581,0.316,0.382,0.249,0
1146,NYM,587,761,0.301,0.342,0.239,0
1147,NYY,611,612,0.299,0.374,0.235,0
1150,SFG,675,626,0.303,0.392,0.248,0
1151,STL,571,577,0.298,0.368,0.251,0
1152,WSA,557,659,0.295,0.355,0.234,0
1153,BAL,641,578,0.307,0.363,0.238,0
1155,CAL,527,569,0.297,0.341,0.239,0
1156,CHC,635,723,0.307,0.358,0.238,0
1157,CHW,647,555,0.315,0.364,0.246,0
1162,KCA,585,755,0.309,0.358,0.24,0
1164,MIN,774,600,0.324,0.399,0.254,1
1165,MLN,708,633,0.31,0.416,0.256,0
1167,NYY,611,604,0.299,0.364,0.235,0
1169,PIT,675,580,0.317,0.382,0.265,0
1171,STL,707,674,0.314,0.371,0.254,0
1174,BOS,688,793,0.322,0.416,0.258,0
1175,CHC,649,724,0.314,0.39,0.251,0
1176,CHW,642,501,0.32,0.353,0.247,0
1177,CIN,660,566,0.308,0.372,0.249,0
1178,CLE,689,693,0.312,0.38,0.247,0
1179,DET,699,678,0.319,0.395,0.253,0
1181,KCA,621,836,0.311,0.379,0.239,0
1183,LAD,614,572,0.305,0.34,0.25,0
1184,MIN,737,678,0.322,0.427,0.252,0
1185,MLN,803,744,0.333,0.418,0.272,0
1186,NYM,569,776,0.296,0.348,0.246,0
1188,PHI,693,632,0.315,0.391,0.258,0
1189,PIT,663,636,0.315,0.389,0.264,0
1190,SFG,656,587,0.31,0.382,0.246,0
1191,STL,715,652,0.324,0.392,0.272,1
1193,BAL,644,621,0.31,0.38,0.249,0
1194,BOS,666,704,0.312,0.4,0.252,0
1195,CHC,570,578,0.297,0.363,0.238,0
1196,CHW,683,544,0.323,0.365,0.25,0
1197,CIN,648,594,0.31,0.371,0.246,0
1198,CLE,635,702,0.301,0.381,0.239,0
1199,DET,700,703,0.327,0.382,0.252,0
1200,HOU,464,640,0.283,0.301,0.22,0
1201,KCA,615,704,0.313,0.353,0.247,0
1202,LAA,597,660,0.309,0.354,0.25,0
1203,LAD,640,550,0.309,0.357,0.251,1
1204,MIN,767,602,0.325,0.43,0.255,0
1205,MLN,677,603,0.312,0.37,0.244,0
1206,NYM,501,774,0.285,0.315,0.219,0
1207,NYY,714,547,0.309,0.403,0.252,1
1208,PHI,642,578,0.306,0.381,0.252,0
1210,SFG,725,641,0.316,0.414,0.258,0
1211,STL,747,628,0.326,0.403,0.271,0
1213,BAL,652,680,0.314,0.387,0.248,0
1214,BOS,707,756,0.324,0.403,0.258,0
1215,CHC,632,827,0.317,0.377,0.253,0
1216,CHW,707,658,0.334,0.372,0.257,0
1218,CLE,682,745,0.312,0.388,0.245,0
1220,HOU,592,717,0.31,0.351,0.246,0
1221,KCA,745,837,0.332,0.386,0.263,0
1222,LAA,718,706,0.325,0.38,0.25,0
1223,LAD,842,697,0.337,0.4,0.268,0
1224,MIN,798,713,0.338,0.412,0.26,0
1225,MLN,730,665,0.326,0.403,0.252,0
1226,NYM,617,948,0.318,0.361,0.24,0
1227,NYY,817,680,0.337,0.426,0.267,1
1228,PHI,705,759,0.33,0.39,0.26,0
1229,PIT,706,626,0.321,0.394,0.268,0
1231,STL,774,664,0.335,0.394,0.271,0
1232,WSA,599,716,0.308,0.373,0.25,0
